image_name,lat,lon
train_0,-4.019401405136998,-62.454272585074065
train_1,-7.477260184084606,-59.92750693653149
train_10,0.49821127765986617,-60.726491061237745
train_100,-6.093770131305526,-57.42843969909069
train_1000,-3.3246294959232703,-63.594919338431325
train_10000,-1.7325175868026186,-57.68351257068698
train_10001,-0.48975217212605227,-64.0608833639121
train_10002,-0.6882256949273486,-60.331529112432854
train_10003,-0.995087597266104,-63.170347538226686
train_10004,-1.030736153613802,-63.831415431088374
train_10005,-3.7105860800123436,-66.5272284109878
train_10006,-2.457541284266565,-60.6617156090938
train_10007,-4.968703500246044,-64.20311060091436
train_10008,0.18881907906498707,-60.92040723145343
train_10009,-4.123757113596988,-58.08568884524395
train_1001,-1.7397683229619811,-65.92680641274424
train_10010,-1.5045199220639747,-59.52852132269567
train_10011,-1.1185376621644987,-65.13728892849088
train_10012,-2.277763951831999,-62.93841343854678
train_10013,-3.628029609019375,-64.468776892448
train_10014,0.49146995333596166,-60.181687703296454
train_10015,-7.715715346216479,-60.40134786997609
train_10016,-1.1198779272305042,-60.32940300907301
train_10017,-1.148023990424266,-66.02910824087844
train_10018,-3.9037035027015707,-63.70331580237145
train_10019,-2.234145551057492,-64.16305440868229
train_1002,-2.971669659361815,-58.274185725720876
train_10020,-5.167952271725468,-63.150550703244356
train_10021,-2.592636427615412,-63.24000810136964
train_10022,-2.7123206717042163,-63.08251807866668
train_10023,-0.31672156751578173,-66.1108666751524
train_10024,-1.6140546558947928,-60.367579742065104
train_10025,1.0663926981127378,-62.76295496970293
train_10026,-3.766448394061914,-59.86808626265322
train_10027,0.06138722474020142,-63.11316678471614
train_10028,-3.0729367416709317,-64.62271653775831
train_10029,-2.5915582517666254,-63.79503689861524
train_1003,-2.591145171457874,-62.84407564618599
train_10030,1.4023075877393048,-60.35266233862945
train_10031,-3.7777267011033535,-63.78488244440385
train_10032,-6.333574340455263,-58.5132827531037
train_10033,0.9314142254270177,-64.6113555113938
train_10034,-3.5263928421344697,-60.100935083030045
train_10035,-5.195922877005014,-62.42682117958234
train_10036,-6.7478219284402154,-64.47672819190355
train_10037,-2.5911639672789817,-64.44771740791296
train_10038,-3.3926340762004603,-62.249380984187546
train_10039,-3.5554438407086506,-63.400171191089186
train_1004,-4.871527728234955,-65.81037764588667
train_10040,-4.337409420652029,-64.66030596367789
train_10041,-3.560565088858395,-61.48959715153768
train_10042,-1.0623065440426684,-64.66700072730441
train_10043,-2.791613988611507,-66.97132072666601
train_10044,-6.754519442273718,-60.50454056003529
train_10045,-1.5256389431964947,-60.2355520581569
train_10046,-1.5651937049045528,-66.90164058202818
train_10047,-1.8104702643765571,-65.62743706362906
train_10048,-0.8250044478226917,-58.1116058762689
train_10049,-3.353938002052505,-60.32600113314912
train_1005,-1.127715750277521,-68.32876466474958
train_10050,-3.484419243628294,-60.37975280544127
train_10051,-5.416935805276554,-65.98212513344569
train_10052,-4.504687587511652,-61.032222987965575
train_10053,-2.2809892338347098,-57.73861272315732
train_10054,-2.969703240967613,-61.75515088736093
train_10055,-0.643215089527406,-60.097637568278
train_10056,-3.768951287552238,-61.7098615697421
train_10057,-3.017407542235616,-62.84345885117558
train_10058,-1.839288401203426,-64.62274151700161
train_10059,-0.75505203960306,-64.74941045787253
train_1006,-3.332829495363906,-64.83903012810569
train_10060,-4.508089935988362,-56.96449787418855
train_10061,0.31893648233790817,-62.95454442977492
train_10062,-3.2263740128619607,-66.34960536843917
train_10063,-5.974155439099855,-61.98474880867937
train_10064,-2.369005806511631,-64.89584928643652
train_10065,-1.8113004808666628,-56.81659253392681
train_10066,-3.0206988973591216,-63.48292505127262
train_10067,-2.2691092314721013,-59.25369048269381
train_10068,-1.5584026506610609,-71.49506113151618
train_10069,-5.841254858707172,-61.639157708641044
train_1007,-2.3104372617446662,-60.11203664488418
train_10070,-2.5058015689689115,-64.97280150075947
train_10071,-3.405226623769047,-54.86954207077429
train_10072,-3.8226738262643845,-64.43308446765113
train_10073,-4.141372472744104,-60.663698910694954
train_10074,-0.4985678192285712,-60.46508355488039
train_10075,-1.5785746200750854,-58.313746533934555
train_10076,-1.356075518795642,-65.59356372888357
train_10077,-3.372876436498262,-61.670667350188744
train_10078,-0.2816108405813127,-60.585451743557016
train_10079,-0.17011258169616283,-59.20371697687
train_1008,-2.5540419736360125,-64.16370097302459
train_10080,-5.523436232526416,-61.30324906968903
train_10081,-3.52175679671677,-68.72433758692335
train_10082,-1.980848440057067,-64.77780888652705
train_10083,-2.648037983464659,-57.653143260814616
train_10084,-3.3191006521284128,-61.66182153973713
train_10085,-5.478685982836872,-67.37156097417744
train_10086,-2.1118831521624424,-67.86606272669745
train_10087,-2.3215661134083865,-61.76413877410822
train_10088,-5.263105794000836,-64.61708449545628
train_10089,-2.6666433758558474,-57.806000863692695
train_1009,-3.124307259086997,-59.93459920227636
train_10090,-3.905819042738453,-64.72036651370762
train_10091,-0.19601091309169183,-63.36248905364663
train_10092,-5.277779854190647,-66.05331108262438
train_10093,-0.8414164563254634,-66.2709375607178
train_10094,-6.6212758719196145,-53.290603242554106
train_10095,-3.2697980121112433,-64.67849341481963
train_10096,-1.8756774810350902,-57.20700052751493
train_10097,-5.247507761116012,-68.76746354206017
train_10098,-6.0478118721044805,-60.32691240053215
train_10099,-2.3322679005112015,-63.53699349061325
train_101,-3.3655953775296488,-61.995632663643846
train_1010,0.10995686205563926,-58.85850301816342
train_10100,-2.2118477209179055,-59.71289982780356
train_10101,-0.29820761487346603,-53.73855287697723
train_10102,-1.9524733632630364,-62.4211791075762
train_10103,-4.400792785190783,-68.78299257110312
train_10104,-5.158783225639366,-65.55476335006767
train_10105,-1.0582349977286334,-63.942886928264755
train_10106,-3.7111600304498427,-65.03857342950722
train_10107,-3.2276770323705937,-61.63444924660696
train_10108,-3.024705119399506,-63.35955522522476
train_10109,-2.1804631521474542,-59.98970112707949
train_1011,-5.416615104851706,-65.51509465054306
train_10110,-2.7109356690396025,-67.69458045464812
train_10111,-3.6355260187294274,-63.669842682946545
train_10112,1.1601347898353094,-65.21057324429664
train_10113,-5.1461055344440325,-58.00456850716644
train_10114,2.0768329905385245,-64.64837749487593
train_10115,-3.668563513707957,-60.051431698595714
train_10116,-4.29835576812827,-61.28724784747569
train_10117,-3.4703417362883577,-63.584554355187144
train_10118,-4.817865447907894,-61.10529254672551
train_10119,-1.0705740036398268,-57.85059462283397
train_1012,-3.6367313979444753,-67.32354311209346
train_10120,-2.873353370793469,-61.13921317171899
train_10121,-1.1726919488191945,-61.77478578873401
train_10122,-4.073177237732634,-62.186859637129345
train_10123,-2.6511729761683527,-61.03253631495195
train_10124,-1.6445328299736455,-61.01403711575256
train_10125,4.215664990356402,-61.15596805482338
train_10126,-2.4105891962677624,-62.74022947911088
train_10127,-5.396264656110883,-59.09523900786899
train_10128,-1.9650852058550616,-60.80608412236234
train_10129,0.4416437739224546,-63.65564063983125
train_1013,-4.1351985196062735,-65.90166166362928
train_10130,-5.6809714487209035,-63.60448930639284
train_10131,-3.6342707194779833,-66.66489687465119
train_10132,1.5686208275518148,-59.03977184236646
train_10133,-7.42060387350295,-61.970930737237154
train_10134,-2.0867095672572358,-65.10030876737956
train_10135,-2.843859276909948,-61.40755448694094
train_10136,-4.9468533977377485,-63.50305494779455
train_10137,-4.53789052267486,-60.851631374985466
train_10138,-0.5778037262352518,-67.13050821177767
train_10139,-4.278314966292434,-59.909736183988876
train_1014,-3.023047637520855,-56.34930944577304
train_10140,-3.225313897573092,-63.18822411924168
train_10141,-3.4434620028169363,-63.71326632662661
train_10142,-2.9684896044575337,-63.81959752794046
train_10143,-7.1379362604525625,-61.23627568857935
train_10144,-4.615203616823507,-61.45294790124674
train_10145,1.8516898572043736,-67.90126884507752
train_10146,-0.22862085171795377,-62.68574254958187
train_10147,0.013136594442330729,-58.23244958686012
train_10148,-0.5644838232952916,-58.39789133506199
train_10149,-5.770249864027453,-65.91606511351446
train_1015,-1.4302180977799093,-56.74992353107987
train_10150,-0.8862863693123062,-60.320874996257686
train_10151,-5.04202118484144,-60.28139985546348
train_10152,-6.3131337009379385,-68.83619338139134
train_10153,-2.431589877298321,-60.01451583214003
train_10154,-3.6832375542277953,-58.094635433374535
train_10155,-3.1120438879227756,-58.50609282589829
train_10156,-3.973592300948998,-54.39612073245799
train_10157,-1.6964685554819352,-59.53197421602444
train_10158,-5.448371492688053,-60.82398717435999
train_10159,0.9795127279556755,-63.7576679499288
train_1016,-3.8037880630516563,-62.587531748910536
train_10160,-3.1368626459793134,-64.17646193063455
train_10161,-3.007880054977311,-59.24445467531763
train_10162,-4.134717192294714,-70.43483405075528
train_10163,-2.6459837429080637,-58.308104992226
train_10164,-5.36683021521349,-62.932268707572085
train_10165,0.3378278327171098,-64.10110885408075
train_10166,-2.6794932437019745,-60.430381417327716
train_10167,-2.718796775032165,-66.97619613207962
train_10168,-3.430690371329557,-56.39931460790597
train_10169,-1.0030737258357716,-63.17981793165871
train_1017,-2.3464246699527926,-63.133157015241096
train_10170,-2.238493323707473,-62.85935203287963
train_10171,-2.4048373024107246,-62.20058731772494
train_10172,-1.1701609767911765,-62.234935796294735
train_10173,-3.191546240167256,-59.357895812793124
train_10174,-3.4766337705102153,-61.48805767301575
train_10175,0.6932534936827022,-59.54913064553483
train_10176,-5.52938883351777,-58.93211474464737
train_10177,-0.8487660241610011,-64.39183154636038
train_10178,-4.690627015649348,-60.95201427588945
train_10179,0.6224448071737005,-66.08039443082842
train_1018,-3.944386650668427,-62.846690115224675
train_10180,-3.6309059176464475,-66.66699506285767
train_10181,-1.1071174793655953,-64.53932424023851
train_10182,-2.810068489850887,-63.82073789658344
train_10183,-2.43192444812875,-64.43296272433919
train_10184,-3.6732579266280703,-56.607185964638816
train_10185,-2.1063823932074928,-60.75644126703678
train_10186,-4.753488975757828,-59.72401611950376
train_10187,-3.7441532159084625,-62.82599506893859
train_10188,-2.8624041383013634,-65.19563455267516
train_10189,-1.0887226253701277,-60.63505722175476
train_1019,1.0617720784269302,-62.73381494413646
train_10190,-2.1567297797171108,-64.89078719142182
train_10191,-5.522637775255056,-63.55931259141555
train_10192,-1.9933341503007438,-58.21808672707374
train_10193,-4.7235674284816005,-67.49778904003564
train_10194,-3.2302128258115945,-62.15422784618444
train_10195,-4.1413845165142,-61.441742281497326
train_10196,-4.757787078040755,-62.8649604346269
train_10197,-4.7747164387542105,-57.700365666853344
train_10198,-2.960161998984014,-61.83448261622208
train_10199,-3.1627625533968424,-67.00087489704083
train_102,-4.712939717669696,-58.464759666525836
train_1020,-4.074014133032538,-61.168608683377755
train_10200,-2.4097125456144024,-61.88131928491315
train_10201,-3.7482373864756573,-62.32237738873351
train_10202,-1.9723736145273545,-60.72254134400616
train_10203,-2.689495512878436,-63.317545817091585
train_10204,-2.438283347442738,-65.21742708686692
train_10205,-4.966058157781766,-60.879719253302966
train_10206,-2.35514405560507,-62.81310231663651
train_10207,-4.948793318828527,-62.77948814573964
train_10208,-3.4208236598794133,-61.258977232108556
train_10209,-0.5354849678301798,-53.888444181936634
train_1021,-6.305230347901045,-56.07914592973566
train_10210,0.0274877415539434,-62.485635716091
train_10211,-0.9333491009248251,-67.27569275177758
train_10212,-5.70182154668451,-58.20377560510472
train_10213,-3.202056210892384,-62.03876414544555
train_10214,-4.271121165323973,-66.75100627773573
train_10215,-2.2776955762528104,-58.575487080949344
train_10216,-1.5027589449931826,-61.843840815420805
train_10217,-3.5327186188920283,-60.93107950780196
train_10218,-5.390803054301423,-61.673532633102226
train_10219,-2.196071202084193,-54.437721194977286
train_1022,-2.3691473604544595,-63.94713580763786
train_10220,-2.722786002700686,-63.80160769139238
train_10221,-3.0178284498745525,-67.01734619380575
train_10222,-0.8909595126824401,-65.57790720452013
train_10223,-5.297500051461488,-60.1217453177425
train_10224,-5.9475507460158585,-57.98302020148844
train_10225,-2.3911199560532035,-60.68621431168545
train_10226,1.3774975830550469,-61.48417288758249
train_10227,-4.4712208517142,-58.888226601772374
train_10228,-4.921283406717328,-67.35747664844135
train_10229,-2.7851667284595814,-59.11488604582274
train_1023,-4.85529404949355,-61.02692889200039
train_10230,-1.448536063074229,-57.87008286484987
train_10231,-3.9019100628335055,-62.63305527361211
train_10232,-4.996655742503151,-62.74279455866944
train_10233,-4.35914861970539,-57.50666518943453
train_10234,-9.532613089438978,-59.59168856581141
train_10235,-0.15948369218031155,-62.868713257063995
train_10236,0.3950574390758228,-65.35067884248886
train_10237,-3.106948223570443,-62.41129665520939
train_10238,-5.073697702364024,-61.280370150653305
train_10239,-7.240203054942747,-64.21269355070916
train_1024,-3.4066527692534225,-63.2300144562125
train_10240,-0.5086327865310616,-57.61301515518715
train_10241,-6.080847549954218,-58.349768821518
train_10242,-2.318294720397807,-60.55637890559995
train_10243,-1.5819910254218779,-65.12119588491399
train_10244,-1.4052587993483179,-58.82180986503201
train_10245,-1.249451421664252,-67.11645854909051
train_10246,-4.957779339911214,-68.69439579563746
train_10247,-2.0452240059723303,-69.27456765691447
train_10248,-1.4678976992730777,-58.14237476553289
train_10249,-0.8332571395965336,-57.362269177553756
train_1025,-4.955230744742977,-59.897670404940264
train_10250,-1.7917311734578127,-61.98034531268659
train_10251,1.261489888690054,-64.178546840689
train_10252,-1.6856049164187956,-59.216809035298816
train_10253,-6.902649210812251,-63.91751949852877
train_10254,-4.825495465700637,-60.03380762813946
train_10255,-2.333844018041333,-59.32968867664413
train_10256,-2.585409287941288,-65.42328278569956
train_10257,-4.585287015666095,-62.576089633238105
train_10258,-5.377126493205202,-55.72703677500776
train_10259,-1.4014461052767115,-56.29383984938407
train_1026,-1.7557340716105971,-63.596873558221326
train_10260,-4.097892869431469,-56.628118939723194
train_10261,-1.1747670123788752,-60.753407851612096
train_10262,-0.3296745245587691,-63.70469370922287
train_10263,-3.729868529890621,-56.25622881312681
train_10264,-2.782249146951675,-61.66648399961809
train_10265,-7.764770204216708,-61.533243429232435
train_10266,-2.3662140089277126,-65.28696094090397
train_10267,-4.095248439334172,-61.04075682302969
train_10268,-1.5179263378081929,-62.41360872313371
train_10269,-1.866455955886893,-59.16652387703893
train_1027,-0.7710268845710577,-65.55448985548556
train_10270,0.9202206377697699,-63.07671320725079
train_10271,-5.182520985645146,-61.78134878911401
train_10272,-1.2300161257979603,-58.42079750931613
train_10273,4.725578069554572,-60.41299608716682
train_10274,-5.038190973594643,-64.70573773038583
train_10275,-3.1302509023985845,-62.463865533004785
train_10276,-5.555582710268128,-60.51063500456854
train_10277,-5.05739731235483,-58.8662804695953
train_10278,-3.126970718604255,-61.965517556155916
train_10279,-2.699102065225024,-63.23689581938543
train_1028,-3.1913790615416997,-60.49872912025669
train_10280,-1.9590344725855764,-64.35114088328015
train_10281,-0.8043783256748918,-60.42161694835769
train_10282,-2.0411992980542086,-64.99470724767764
train_10283,-0.8047194401512994,-66.41946680985043
train_10284,-0.5201971714910734,-64.48684870810364
train_10285,-3.9131506312694917,-64.35377068067675
train_10286,-2.9767865766549377,-67.02135348500963
train_10287,-1.270645069781453,-55.56101155342828
train_10288,-3.9763995123285234,-63.35134255141671
train_10289,-5.164246457426204,-59.24174397415766
train_1029,-3.1720049733169735,-64.5839816797602
train_10290,-0.0826438709203341,-66.25685817694448
train_10291,-3.090686545480991,-58.840730888661795
train_10292,-4.3227537243722045,-63.23995100737508
train_10293,-1.3689178736243204,-66.66771038815644
train_10294,-1.6483899347072768,-61.237167946856836
train_10295,-5.823542502051126,-60.95826987320343
train_10296,-3.9897377659541244,-58.531235854142714
train_10297,-3.275126429436967,-62.88757993819988
train_10298,-4.4718641109563855,-61.10252382253869
train_10299,-5.4532819106476875,-57.95351211444722
train_103,-4.34609980865431,-55.303915838396584
train_1030,-2.876661487263999,-62.486815392923575
train_10300,-1.230417357156199,-65.33861168387172
train_10301,-3.899881542224974,-57.19864609830939
train_10302,-1.9731732268957405,-59.42295035095324
train_10303,2.291618406635769,-57.63145941938142
train_10304,0.16290250840531506,-56.14350337514904
train_10305,-4.71608405641718,-59.26266988793945
train_10306,-5.607956249642021,-65.66952744018562
train_10307,-2.1266003447219965,-59.11651106662936
train_10308,-3.2677860653846884,-58.49738576439371
train_10309,1.8515665104747994,-57.63985257945349
train_1031,-0.8837247509938955,-60.59423752452539
train_10310,-4.917514303737915,-58.61866391254384
train_10311,1.6382061161973365,-61.952617143857694
train_10312,-4.831209403408116,-62.00949386804295
train_10313,-2.8476983681709926,-62.92076602582859
train_10314,-3.624368133984232,-60.288911046034265
train_10315,-0.7335565448157175,-67.33213199943381
train_10316,-4.511903639713983,-60.60124095990597
train_10317,-1.794830032987538,-62.66414465945518
train_10318,-4.646586062388668,-63.85028265471964
train_10319,-8.960499101067617,-64.67139392565731
train_1032,-2.6940303486355983,-57.9664562547463
train_10320,1.1503150211387787,-66.97036331068502
train_10321,-5.264596143646183,-59.72032357172803
train_10322,-4.3662780172821964,-65.02529475417535
train_10323,-6.048007865948047,-58.16443635518857
train_10324,-4.965817249543355,-64.45713454590027
train_10325,-2.885196228699088,-56.75255875439199
train_10326,0.8364792680506614,-65.31178841563037
train_10327,-5.882147439102616,-66.04343832335358
train_10328,-1.970394662026252,-61.6210909339151
train_10329,-3.247960122121015,-60.17274137602168
train_1033,-0.8954474894718998,-66.50828548760556
train_10330,-1.9376940847077828,-59.580932088641006
train_10331,-2.740502356248975,-58.777421538706044
train_10332,-0.7355528951183259,-62.34312784470183
train_10333,-0.875521664448994,-60.695755343022036
train_10334,-2.3549343443948927,-69.77261102971728
train_10335,-3.684294376404621,-59.148671207908215
train_10336,-2.22445856912915,-60.523819879236434
train_10337,-7.588735338476354,-60.605650144358776
train_10338,-5.317564220350083,-62.63324845803191
train_10339,-2.035658967203764,-61.380812224170604
train_1034,-1.8194586418186707,-66.40662923392759
train_10340,-5.299290587038012,-67.10375983620065
train_10341,-7.025542400207794,-58.53895525608851
train_10342,-6.0864506362456705,-61.52767781197614
train_10343,-6.158893262140948,-63.92960745356007
train_10344,-5.267981201303861,-59.48899166079643
train_10345,-2.6803864010765057,-57.4758982340133
train_10346,-3.585292922464776,-63.24548818190493
train_10347,0.36929851443094286,-66.23813985275115
train_10348,-1.7928804793188455,-67.26340236085564
train_10349,-7.0810383437070445,-63.88165339722436
train_1035,-0.39681577849668637,-69.71910819507062
train_10350,1.0925720552412894,-58.91504793293945
train_10351,-0.9947976963538596,-63.325636164037256
train_10352,-2.2374597473178586,-62.502321769790335
train_10353,-4.598150400463708,-59.12333959343363
train_10354,-1.4402080366613212,-60.4364779874007
train_10355,-2.0437235285451774,-56.876825642750234
train_10356,-1.194899752991436,-60.83159396480149
train_10357,-2.4673441353063605,-55.000408650775334
train_10358,-2.594633618641161,-59.67894196785619
train_10359,-1.043147788883549,-71.24211989044012
train_1036,-1.9894967849894438,-65.50197925829016
train_10360,-6.793137468349446,-61.5281307845477
train_10361,-6.135350178397682,-60.09371891283346
train_10362,-4.88628758563232,-66.57209136271499
train_10363,-3.4344615782376953,-61.550401194280994
train_10364,-6.016858250212764,-60.82204541754256
train_10365,-3.6170731177612896,-63.683226289249355
train_10366,-4.977561654644479,-58.32213953935788
train_10367,-0.9347319729630548,-58.909535975651245
train_10368,-0.6896431882055256,-71.70160983370329
train_10369,-3.3119741836480134,-60.68692918465984
train_1037,-1.4427439275908265,-60.623147983912084
train_10370,-6.631214002358531,-63.3273443957093
train_10371,-5.134334312668571,-57.71176629741063
train_10372,-4.610911959912495,-59.91843199020773
train_10373,-5.844815716745539,-58.6715951452958
train_10374,-2.4372009548005735,-65.41201823709923
train_10375,-0.7035773203513562,-65.00138252427931
train_10376,-1.8994782485444826,-61.998161108151685
train_10377,-3.147250352395981,-61.66475130555986
train_10378,0.8408468584658295,-63.42455725665607
train_10379,-1.3251329210563232,-62.53168539050372
train_1038,-0.6255231518183697,-58.502177410818796
train_10380,0.3370167103634438,-61.96512225606448
train_10381,-0.9424790551108475,-60.188779748679146
train_10382,-2.3849216483750446,-56.78675325339757
train_10383,1.6827422404912706,-63.01902848212753
train_10384,-0.6656134293159153,-64.26060461961484
train_10385,-5.2831015764844285,-59.148292996888514
train_10386,-4.9745362355913345,-63.18085629928956
train_10387,-3.176961218607866,-61.41602042208244
train_10388,-4.62936242423737,-64.75899650517108
train_10389,-4.58846090271443,-58.670116770004036
train_1039,-1.090158045480653,-60.626537016786415
train_10390,-1.4922845655545942,-68.319425938253
train_10391,-3.635208527649253,-58.095013685699925
train_10392,-5.193744140161602,-62.878007589827035
train_10393,-0.900354822395335,-60.21938453820687
train_10394,-3.1435676335091443,-62.40365266676534
train_10395,1.4063111115555254,-67.04322927743391
train_10396,-3.1458794986397955,-62.17382232667428
train_10397,-1.5258520365326445,-65.16848895955178
train_10398,-3.2290579177482264,-61.05557900235442
train_10399,-4.095710862687392,-60.13409728283502
train_104,-1.8997837620568738,-64.95109457182156
train_1040,3.6607813707626233,-60.76060734999819
train_10400,0.09413742228982347,-59.44224900048593
train_10401,-3.2485810916085125,-66.87849618224587
train_10402,0.07693946397827434,-56.368987173955084
train_10403,-4.9903144737379685,-58.35811440204526
train_10404,-5.634676721119413,-62.32276145184282
train_10405,-2.1351866471095615,-60.35150667919707
train_10406,-3.226124869566034,-61.148974423766575
train_10407,-5.226121731064333,-58.285080085932286
train_10408,-4.122198098146374,-57.6867752924516
train_10409,-4.499334394458039,-57.55182055733991
train_1041,-5.196500248480149,-54.8673035020508
train_10410,-4.31705023904143,-61.796526565854464
train_10411,-2.219809014958707,-59.78557779277745
train_10412,-1.5401165527079923,-59.70907757795675
train_10413,-1.0846264799192185,-64.23105859855987
train_10414,0.19083003420314437,-67.37644024346956
train_10415,-7.169229386391389,-60.44187636504241
train_10416,-2.764465584137826,-58.95580039483416
train_10417,-2.5466217932950848,-58.012780877881426
train_10418,-4.827613376087442,-66.62224509797753
train_10419,-3.780654142820092,-61.015171089161896
train_1042,-3.3250665323829294,-63.99055352975918
train_10420,-2.854748264777199,-67.78408449013644
train_10421,-3.3925566172848636,-67.38753762372612
train_10422,-0.9837063180155767,-56.44564952387689
train_10423,-5.7775120565906946,-60.506145379889716
train_10424,2.4780053129881034,-61.91539410395167
train_10425,-5.099375310369933,-60.89528446076196
train_10426,-3.520058397259213,-62.65670544154097
train_10427,1.40516022725334,-60.2847430293871
train_10428,-4.181557523185269,-60.92903425535107
train_10429,-6.628632311144214,-60.95023386062804
train_1043,-3.5868802103622075,-62.81001765113351
train_10430,-3.0184722392043573,-60.3679747322873
train_10431,-5.150982308914619,-62.47270252513848
train_10432,-5.897329405513055,-62.144571018576926
train_10433,-5.503438360539262,-62.00532848813394
train_10434,-1.81051869678237,-66.32751814119113
train_10435,1.1792505926749115,-61.69762113437013
train_10436,-3.069867557800758,-57.225991959009704
train_10437,0.9914301659139566,-58.72069876215509
train_10438,-2.6082046194920285,-61.20600453724102
train_10439,-1.034652011986118,-64.45947587222868
train_1044,-3.2101356366040363,-66.66307560490851
train_10440,-4.354745052587528,-60.278690068555676
train_10441,-3.377962106637247,-57.41889430100561
train_10442,-3.9476283469796254,-61.15134821461084
train_10443,-4.188722501940765,-55.733558748991584
train_10444,-4.538097736815099,-58.10567795751552
train_10445,1.0011390596225214,-60.621591718024156
train_10446,-1.545799001126283,-65.53370791507858
train_10447,-4.857757955403048,-66.0745000120284
train_10448,-1.9238399606513086,-64.4389442242549
train_10449,-1.7577331299590204,-66.49445551937363
train_1045,-5.224259496792181,-62.67767129342554
train_10450,-1.7407395426008727,-61.56017956834728
train_10451,-4.037415671065214,-59.17783627784502
train_10452,-2.8774953656334947,-61.055318905839364
train_10453,-1.4920549748929155,-64.17497707812286
train_10454,-2.6682561216472993,-61.00222875161249
train_10455,-3.5285822799697946,-62.88990543527496
train_10456,-2.293071149320255,-61.00896803798735
train_10457,-2.1204127117815945,-63.300314084665985
train_10458,0.6204451263962505,-58.63446608541937
train_10459,-3.326762549729847,-64.3403101630039
train_1046,-3.2738445311195417,-62.451879699988204
train_10460,-3.403188076967357,-62.427233585222666
train_10461,-4.7275018854402555,-61.82689518774307
train_10462,-0.09986269640506507,-61.99389911101302
train_10463,-4.665692937396569,-63.48559384801811
train_10464,-1.683448711452297,-63.59024113906946
train_10465,-2.2903260714014224,-66.15839530017085
train_10466,-0.17063539003546646,-53.33901778528855
train_10467,-2.722575078906676,-61.81271047658426
train_10468,-3.079816158095881,-60.10605628508273
train_10469,-1.7218389473977185,-61.80845258302316
train_1047,-2.90120224074694,-58.430992470803496
train_10470,-2.7650817492102693,-64.2699007679419
train_10471,-2.346702076004372,-63.503043245608225
train_10472,-0.4011030136032572,-65.62247858091526
train_10473,-1.8427768955558252,-61.78413093553148
train_10474,-3.633931009221061,-65.08745044596978
train_10475,-2.000582028662229,-59.852205275029
train_10476,-9.213199641725852,-61.381105866258885
train_10477,-2.9584955163838016,-61.445022091806216
train_10478,-3.242816959007258,-58.284236801453424
train_10479,-2.9478197408804965,-62.67583084382044
train_1048,-1.5765327346483355,-57.46046834247397
train_10480,0.6459880360752983,-66.1709303174346
train_10481,-0.35206756648888415,-60.06379229496023
train_10482,0.8595743882798819,-64.68649445637534
train_10483,-3.6016921108988873,-60.03559169148481
train_10484,0.6057202288316521,-63.61687269522023
train_10485,0.8695058309119243,-62.01653869020465
train_10486,-8.643671926232152,-64.63281999275426
train_10487,-4.388980925481696,-59.904210284098475
train_10488,-3.7445688719692205,-61.02365793399095
train_10489,-1.8948862547675,-58.51410567389226
train_1049,-4.493555883250807,-59.95816862912432
train_10490,-3.4374876885429737,-59.135682493714405
train_10491,-2.5170437011152034,-57.920906059830436
train_10492,-5.21229920591227,-59.16276820765449
train_10493,-2.941442172178435,-60.650072312707785
train_10494,-3.093549116279684,-65.34611698675882
train_10495,-2.7433340460608604,-57.421366193768876
train_10496,-2.700739805298921,-67.49195546129896
train_10497,-5.639665800119596,-66.95395099827718
train_10498,-2.4592775604788013,-64.66410049951557
train_10499,-2.777910926575978,-67.83637267812092
train_105,-3.0518953265211732,-59.94111267197515
train_1050,0.07699736657566625,-66.40248210946643
train_10500,0.38332066652616836,-54.89809659288573
train_10501,-4.3913874156888335,-60.21440883300334
train_10502,-2.8277895930715484,-59.02207931998668
train_10503,-4.322471233633082,-62.24582447138928
train_10504,-3.1438000078246775,-61.03909167006233
train_10505,-2.9450095673723253,-62.14326942877442
train_10506,-3.6211894938031755,-62.043417687120275
train_10507,-5.954275882269059,-64.66612371996221
train_10508,-1.7673788329358175,-64.90397039207491
train_10509,-1.2121922140394483,-59.71532778104563
train_1051,-2.3332678775910853,-66.66565433628979
train_10510,1.262261473350745,-63.176842729395965
train_10511,-3.3867035506931167,-62.64567139394617
train_10512,-3.8688399927115737,-59.628789724625534
train_10513,2.0191188481661335,-63.49560840341224
train_10514,-4.241801717914126,-65.08542920379628
train_10515,-4.995416034111996,-60.790654447155994
train_10516,-5.32812016637611,-60.939880946435736
train_10517,-4.0868103828724855,-63.963735265893945
train_10518,-6.455823843117168,-56.7251444450669
train_10519,-4.737966054032699,-60.95274628231551
train_1052,-5.187184182876154,-58.28266110288953
train_10520,-2.977438214243788,-63.96825162117091
train_10521,-3.3032256783938623,-65.00937530998559
train_10522,-5.546769295925983,-63.44270192655734
train_10523,-3.8874589908782715,-66.50343009208427
train_10524,-0.7046660641439333,-58.35340261888531
train_10525,0.11105246158006832,-56.00495544684588
train_10526,-7.228154719561831,-65.94682327653936
train_10527,-5.083440343430596,-62.886662109805414
train_10528,-1.6287958573644306,-60.76494118972285
train_10529,-2.1195531854998526,-64.88861112836676
train_1053,-4.217051449034672,-64.47922491778093
train_10530,0.507908343897649,-62.20377473015605
train_10531,-0.14899492975377804,-59.865847846741914
train_10532,-4.927315503758099,-58.415346547746694
train_10533,0.9572713389850285,-59.41362084335148
train_10534,-1.78353630827609,-61.00052393347091
train_10535,-4.188439434533642,-65.43536481209128
train_10536,-5.260251079806604,-59.695473017262316
train_10537,-4.194991078658504,-62.50224498521647
train_10538,-0.3650673458618381,-62.93056766063825
train_10539,0.2908775441115976,-66.09350220452406
train_1054,-6.130035909427564,-63.21582550975149
train_10540,-3.2601935095424026,-60.0869949985144
train_10541,-3.2340800717670146,-60.8552249236514
train_10542,-2.6628524585929463,-60.389333258044275
train_10543,-1.880068068267239,-63.01183547075477
train_10544,-6.605531569375961,-57.663883356158586
train_10545,-2.213740164804162,-67.23785130418116
train_10546,-0.1455515295676757,-51.20228965352304
train_10547,-1.9320159759815572,-60.977239005000904
train_10548,-4.218706151278844,-57.59019567800889
train_10549,-1.452589683415058,-60.80093424206583
train_1055,-4.620019773429846,-58.57382071650361
train_10550,-3.6572174643002464,-66.91564662668861
train_10551,-1.2998201031774437,-62.602453693835216
train_10552,-2.035754298374366,-59.27963590032032
train_10553,-6.060988390139942,-63.96779872454802
train_10554,-3.1472340746843215,-60.743956185666214
train_10555,-5.085762178167453,-59.33457005146959
train_10556,-0.13778740661627342,-55.92962009252072
train_10557,-5.149733582983865,-65.81591653564678
train_10558,-1.0176311821315676,-60.751575444839794
train_10559,-7.08307629580272,-55.28310939424981
train_1056,-2.7196984107414135,-65.25389680945926
train_10560,-2.4001241773523248,-58.35513755544691
train_10561,-5.012369274352807,-56.93963242005043
train_10562,0.6956945063077411,-58.392126083277304
train_10563,-0.8621604859953629,-58.753899100131335
train_10564,-0.8746805297967764,-58.006680620058894
train_10565,-3.533527656913959,-65.69211965235836
train_10566,-1.6810983780707915,-64.13858124848032
train_10567,-2.4570115715205914,-63.42719178920069
train_10568,-3.049827647456457,-58.82332326232398
train_10569,-2.992806340977765,-61.20155958498632
train_1057,-2.3311432536855827,-63.28261953476825
train_10570,-1.957931680870158,-64.72538123370553
train_10571,-1.3842302694280963,-62.81928180213197
train_10572,-1.3243036691700902,-62.66827495206188
train_10573,-3.6113456083612583,-63.605707814098096
train_10574,-3.8079444345469873,-60.99663544500602
train_10575,-2.422864791941831,-58.38064349869307
train_10576,-5.168762875856272,-63.91263876086558
train_10577,-0.22219127109249737,-64.71817835374823
train_10578,-6.535007215913319,-63.94093236560141
train_10579,-1.9584362823988744,-62.03106826825806
train_1058,-4.760101931128832,-61.54862539066473
train_10580,-4.095414805963416,-59.11462750706599
train_10581,-7.384204725139323,-63.73544026077498
train_10582,0.4974224663616851,-64.70339280428065
train_10583,-3.864429081663274,-63.954982806320324
train_10584,-5.092236211792789,-61.23041590287251
train_10585,-1.8508641097917617,-61.11798128401907
train_10586,-4.867266202532904,-60.95860480503105
train_10587,-5.757711908777903,-66.68094673418257
train_10588,-2.673260103295391,-58.35555168784563
train_10589,-3.2213571087821316,-65.36570419704843
train_1059,-1.6156868695885354,-62.631240045828726
train_10590,-5.027610911830978,-55.851676772970876
train_10591,-3.7580232746277185,-64.65337062496512
train_10592,-3.4905385978825856,-63.91819680462456
train_10593,-3.8874948823496265,-65.52177508997475
train_10594,-5.216935127087673,-61.51810667663705
train_10595,-2.305991890751809,-58.14084098799833
train_10596,-3.8241557091580733,-67.62251074813162
train_10597,1.9113458728523742,-57.708341833601224
train_10598,-1.387158571396597,-60.058090162155274
train_10599,-2.364689715818855,-61.740333451017634
train_106,-3.091262994006529,-62.596088474908434
train_1060,-3.945149066722182,-60.06611838738298
train_10600,-3.7459128627482396,-67.55243523915001
train_10601,-6.137604643217728,-66.69364382905026
train_10602,-4.4159906916331035,-61.11741655374024
train_10603,-5.270404342438445,-60.99515863053777
train_10604,-1.8114121588883019,-62.202718878092334
train_10605,0.23895723271207503,-62.3089718856867
train_10606,-2.7914887573521545,-65.01004867804157
train_10607,-2.615392805663731,-61.277774674883794
train_10608,-6.2038157951624,-62.88819892530948
train_10609,-4.147448021375683,-62.025882664635624
train_1061,-0.8326978204502189,-67.54840844106255
train_10610,-5.116663668029677,-59.10300949607655
train_10611,-0.938899539369408,-61.39151044150472
train_10612,-4.2621004086718,-56.03772941275556
train_10613,1.1823243101826124,-55.17796236220059
train_10614,0.35769740680276785,-60.97968637482962
train_10615,-2.4154334444150316,-65.0495558648643
train_10616,-0.6891768042472601,-59.82816412009064
train_10617,-4.778351067330739,-59.84415293819172
train_10618,-0.2851538080503362,-64.84178409584304
train_10619,1.336030523377147,-63.77961908825976
train_1062,-2.4412653669035285,-59.404263448416124
train_10620,-4.078976727828068,-64.47092214915831
train_10621,-1.7460875828472275,-65.30002177019738
train_10622,-4.287634736395201,-60.064968710393444
train_10623,-3.2611538076644315,-59.99805908501342
train_10624,-4.1592775361041685,-64.91580205925557
train_10625,-4.61389073934064,-56.14164810842445
train_10626,-6.206125884417149,-62.45957144358824
train_10627,-0.5976047673445608,-61.337001443898544
train_10628,-3.9512906053899255,-61.11827410468774
train_10629,-1.3928656195797533,-64.00750228297008
train_1063,-1.7973740624111805,-64.6586874202291
train_10630,-4.226312383365611,-59.919425433221846
train_10631,-4.631621574129074,-63.111502689860025
train_10632,-1.2940421624301437,-60.62567889309643
train_10633,1.4595006455125752,-57.76795599082145
train_10634,-0.817925363790748,-67.55344824832521
train_10635,-0.04229342133189817,-57.588226152287355
train_10636,-5.604636264239835,-59.621215870139814
train_10637,-2.2243393369146256,-60.31095454116525
train_10638,-4.574400101662326,-64.36394028197377
train_10639,-4.90048146893416,-61.82445151195694
train_1064,-1.5061600040995455,-64.4504476983607
train_10640,-3.616167946619224,-61.56651778282273
train_10641,-5.626655141186266,-66.22363883827626
train_10642,-1.9177983305686541,-57.864468016561474
train_10643,-3.787884447186272,-64.61372901983357
train_10644,-7.278803025059361,-62.43085347687855
train_10645,0.25121129517763396,-67.60429731250751
train_10646,-5.584334870295747,-56.30148266519264
train_10647,-6.343532816788732,-60.81205156239064
train_10648,-5.875749312335277,-59.51876787708301
train_10649,-2.74729456835167,-60.03679869919793
train_1065,-2.676089618740415,-65.01522965145655
train_10650,-4.760330132737029,-59.881111079341466
train_10651,-2.996587156701929,-62.95001368113956
train_10652,-5.294812064163177,-62.020167279399764
train_10653,-1.2703454681056385,-64.78563551166467
train_10654,-3.1836659325955563,-58.08820436707307
train_10655,-1.3835138469071548,-67.15809312104828
train_10656,0.5241494709686045,-57.488318954943814
train_10657,-0.8315769175355014,-61.68258473633166
train_10658,-3.9959722094973036,-60.58215739795904
train_10659,-3.6425501628143535,-64.82993925111717
train_1066,1.2751769048463242,-63.262003852584876
train_10660,-5.097905575937845,-61.02951768806095
train_10661,-2.1533230420373695,-65.79260061359605
train_10662,-4.776939345173377,-65.97231500028194
train_10663,-0.5953193784368986,-62.470764414458856
train_10664,-2.8723860166158968,-62.833811184777005
train_10665,-1.0839917444692901,-64.92827527247593
train_10666,-3.181544438021845,-58.937745334071245
train_10667,-3.8376741760902675,-60.594877684129926
train_10668,-1.3837610702549696,-64.02215590502864
train_10669,-6.981650746731686,-64.90883489087018
train_1067,-5.1370033626116385,-68.1453974468931
train_10670,-7.910821793549601,-60.54336167417727
train_10671,0.3252094775743877,-65.33468146542215
train_10672,-0.8816869126994376,-62.90069294900723
train_10673,-3.131450395317408,-62.60823624912036
train_10674,-1.314585036918116,-64.97350713329413
train_10675,-6.337740504968037,-63.51574775259781
train_10676,-2.6094895237475564,-56.17072454501274
train_10677,-3.2098925914864416,-63.76313076511112
train_10678,-1.3419014414243604,-61.92783222787358
train_10679,-1.4554421502700947,-54.308202112775646
train_1068,-3.4990609421274548,-62.915942638186166
train_10680,-2.2142855369531436,-65.97243270768257
train_10681,-5.905566464965335,-60.9894953581666
train_10682,-1.1643440214327059,-62.72170904036039
train_10683,-4.058172187061604,-64.55904692086813
train_10684,-1.7392823787564113,-65.99715859282054
train_10685,-4.011895378521168,-60.379655251453684
train_10686,-9.068029862891155,-61.27543648778976
train_10687,-0.1952592551676604,-68.56613527818222
train_10688,-0.24199908901776634,-60.37163756821706
train_10689,-0.5179769904456757,-61.22006168210291
train_1069,-0.9521868058491596,-64.01457339925112
train_10690,-3.074602840347507,-67.60647783724175
train_10691,-0.40912270333298517,-59.77135663513035
train_10692,-1.775288772410564,-60.89397549531658
train_10693,-4.839833525362496,-60.8961526613352
train_10694,-2.18544775357374,-60.42703783921805
train_10695,-1.3689413550717833,-62.30819709013111
train_10696,0.5858644953905072,-60.18949579965662
train_10697,-2.1454252415346593,-60.42069353268159
train_10698,-0.21490266934636182,-61.10566102443686
train_10699,-5.67566169142884,-62.93557327775601
train_107,-4.703519880747025,-65.59760043370699
train_1070,-5.611168563445527,-66.97818237112057
train_10700,-3.54037472723718,-62.23301118580267
train_10701,-1.1080076626151252,-64.21891698685603
train_10702,-8.848794698998361,-54.644020684319585
train_10703,-6.033129703741398,-56.50815361072035
train_10704,1.2684041481329782,-60.54907974459758
train_10705,-5.124872410417244,-58.86297338361195
train_10706,-0.48061930842061207,-61.93668905159261
train_10707,-6.371050362657829,-67.17695380765741
train_10708,0.32440213371704596,-61.64866066177683
train_10709,-4.123850689522609,-59.75714008030579
train_1071,-4.240721276201301,-72.57073339100648
train_10710,1.9840634184823847,-60.5437570758779
train_10711,-4.769343790221951,-63.443299784302255
train_10712,-0.9754778947490763,-66.07322088053401
train_10713,0.211173712756771,-61.67354964324836
train_10714,-5.917861808518241,-58.122617351369314
train_10715,-0.9413441865822438,-66.6797891685684
train_10716,-2.2508353675433534,-68.22404440702962
train_10717,-2.447661006481878,-64.16166261172995
train_10718,-0.8543547130165807,-63.35123467776432
train_10719,0.3114921549673526,-59.46732145291039
train_1072,-1.6150831660581353,-60.90179780733296
train_10720,-4.182974031036531,-60.08756438909181
train_10721,-0.4683703459238262,-61.00403539070817
train_10722,0.8622241239551403,-61.17607229526019
train_10723,-6.011047401815657,-59.80992508032741
train_10724,-2.002193782096756,-64.5985654851049
train_10725,-2.3124329531423657,-60.155350766877625
train_10726,-1.0105067792110023,-65.87729893498296
train_10727,-0.6788097116693304,-56.262091880954245
train_10728,-5.990844939053113,-61.94930399269573
train_10729,-1.3312798117964708,-63.28612208698652
train_1073,0.6929896447271964,-58.01530104446379
train_10730,-2.352026197111072,-57.16074276411314
train_10731,-4.347194943868907,-58.011053122378996
train_10732,-2.686218043746721,-60.024467131407945
train_10733,-4.485533988343663,-61.44057232781279
train_10734,-0.9017261308240179,-64.84126580067237
train_10735,-1.1314499133398503,-62.29751697589632
train_10736,-5.662489435614661,-62.35943571877507
train_10737,-3.096071112164062,-60.82649915307812
train_10738,-1.3321399498072755,-61.79542199260781
train_10739,0.37234919860077165,-62.16129635037943
train_1074,-6.369400553959508,-61.858658695982605
train_10740,-4.042821587199989,-65.0358522536376
train_10741,-5.725766131175721,-62.89223075367618
train_10742,-3.8035282388758613,-59.39713014467499
train_10743,-5.413495851562951,-62.08359026120585
train_10744,-0.4700933181372724,-58.78830408705833
train_10745,-3.822930282370195,-59.005408657036085
train_10746,-6.922525038290902,-66.5027327895992
train_10747,-2.8926721212368385,-56.03767270245965
train_10748,-1.768137142682436,-56.51550318520505
train_10749,-6.410338737373627,-63.90553135260658
train_1075,-6.963550486328565,-58.857016051803
train_10750,-2.681400607144839,-59.85293436583431
train_10751,-6.426566219626776,-58.98364494487754
train_10752,0.07717921425416074,-56.48094229367297
train_10753,-4.060849789298645,-62.84273167454551
train_10754,-3.8334580710702992,-59.00631748874459
train_10755,-5.1434415120953245,-60.803540774628026
train_10756,-2.552868964729558,-55.17540961084222
train_10757,-4.0275989191598445,-63.46512142242003
train_10758,-4.8199876877123184,-60.99311349038479
train_10759,-2.3301263368267113,-64.58897127580009
train_1076,-6.8799715038101255,-64.65756655375475
train_10760,-3.0720596880500493,-56.7859760008221
train_10761,-1.1502377821212821,-64.14002802121094
train_10762,-2.8975456029725497,-62.09271043314957
train_10763,-1.0596361331700817,-65.0934731157674
train_10764,-5.443082134728897,-58.525356069997066
train_10765,-0.81702025098331,-64.35864446854653
train_10766,-1.4650170460337637,-62.97514043996988
train_10767,-3.0471002993542307,-62.07102487021639
train_10768,-3.2186843268421734,-60.628473202006504
train_10769,-4.179059148614159,-62.90522886334751
train_1077,-1.2511213233503413,-61.051725058483896
train_10770,-5.122623903542031,-59.90099720894446
train_10771,-2.6456327798456063,-58.57398243797611
train_10772,-6.825326026246266,-58.769832769437926
train_10773,0.5701730374439506,-58.69697770130115
train_10774,-3.1782237848585995,-66.43471767167992
train_10775,-1.3933693409509598,-59.98074576590314
train_10776,1.8901139849636168,-63.42183208992499
train_10777,-2.13897204138129,-60.89261324653156
train_10778,-6.56089160942967,-62.46177976802492
train_10779,-4.581246949397954,-65.11247128576063
train_1078,-5.2609024414669046,-62.471528669012216
train_10780,-5.06726805747371,-60.52452142559171
train_10781,-2.2707182924199008,-58.404577268064386
train_10782,-2.426302335590135,-60.80764183213237
train_10783,-4.641596906605236,-63.59812100316522
train_10784,-4.1863913205762895,-62.36040724157859
train_10785,-2.377059856418418,-61.02624206704011
train_10786,-1.7969861992993863,-67.22150075589857
train_10787,0.2830611950708617,-60.48169108321875
train_10788,-4.619774340277832,-66.35250603623895
train_10789,0.9962675714027838,-60.283269757426
train_1079,-2.7636485985692216,-64.47599873156156
train_10790,-6.078323353629131,-67.71350110632885
train_10791,-2.905114841899466,-64.09643475058542
train_10792,-2.8816564504122306,-62.04322714809708
train_10793,-3.8141897016315442,-62.359445490412085
train_10794,-6.449033948731495,-64.8182369678996
train_10795,-2.1504541138180144,-65.40232285588337
train_10796,-4.804643793455698,-64.0445792040322
train_10797,-0.5524291470825049,-56.66004996952194
train_10798,-7.048662202080604,-62.772766841481904
train_10799,-1.97885998840799,-63.28746739573284
train_108,-2.136519876029648,-63.442659655051116
train_1080,-3.9558799119150057,-59.00555864515744
train_10800,-3.7987511012880955,-58.38969249813774
train_10801,-3.3569818661355297,-55.949054092302156
train_10802,-2.812992052001461,-64.56230369332305
train_10803,-0.2534212141828678,-62.30434415522073
train_10804,-2.405976377292999,-59.837745039577214
train_10805,-6.187515773347717,-61.281799097182635
train_10806,-1.2820675916332052,-55.90055823197279
train_10807,-3.227725222566631,-66.31353372968127
train_10808,-5.649818715819031,-61.358196288512836
train_10809,-0.5504018470700123,-60.58047300420018
train_1081,0.33274603844304673,-63.77235593063338
train_10810,-2.7072775873390196,-58.94738849815729
train_10811,0.9445075595413712,-59.99101739652999
train_10812,-2.9170612716783015,-61.907965253582034
train_10813,-5.839000208056749,-57.0047633732164
train_10814,-2.9235438035101446,-62.85645196202841
train_10815,-4.50901352825997,-62.338372860871424
train_10816,-0.8410674889483669,-62.75342021295571
train_10817,-1.340375594948052,-62.76803617583209
train_10818,-7.458526782119481,-62.696130233347226
train_10819,-5.013516374733518,-70.1077694635656
train_1082,-2.4096286635412083,-62.23425255280911
train_10820,-1.8633586317846136,-67.3744195492294
train_10821,-1.5601006992508297,-60.051344382391
train_10822,-0.9565544364256415,-57.63626516460569
train_10823,-6.355740504627342,-61.91488388444379
train_10824,-6.1221460616881025,-60.43782965058631
train_10825,-2.6944023419567604,-54.447621474897545
train_10826,-7.05950699226367,-63.663649029741386
train_10827,-7.180393089902147,-58.25081791483278
train_10828,-5.470069730232963,-60.45473346250776
train_10829,-2.2700319533311766,-62.81629050800596
train_1083,-1.0568686385712367,-58.77542680012772
train_10830,3.0877422563084256,-61.90441511973217
train_10831,-5.853756214563431,-61.615124127109574
train_10832,-4.042383852476667,-56.66411331977033
train_10833,-2.3592484085301635,-57.30324570496032
train_10834,-2.476775408768463,-65.24510392775895
train_10835,-6.8758747342573585,-67.46179973940353
train_10836,-2.672175938531334,-57.38636263181502
train_10837,-1.350583961656114,-61.0114075523534
train_10838,-3.9076465204716953,-67.26963212383096
train_10839,-5.930851615319211,-62.099416231701184
train_1084,1.2942343777675136,-62.35852906940773
train_10840,-5.615857908232806,-58.74043758460066
train_10841,-1.1369074402258823,-58.99289704856423
train_10842,-5.620288090959943,-59.77241323667396
train_10843,-2.438003947713312,-57.20336230931599
train_10844,-5.6188417228929035,-62.714225123749955
train_10845,-0.6214179458370097,-65.80992108727926
train_10846,-6.487422076460021,-67.59967032658487
train_10847,-2.04100237095291,-58.861203377916524
train_10848,-1.5438227073630315,-59.41665493468625
train_10849,-4.274538967045299,-56.67621595816061
train_1085,-5.061278696530031,-58.75701698627038
train_10850,-0.7727767985690188,-63.47716929237633
train_10851,-6.540776577848266,-61.453489286428706
train_10852,-7.111824220523272,-62.890804079072936
train_10853,-3.84988116242379,-63.41491493148577
train_10854,-5.371334143140526,-61.898916990313104
train_10855,-1.8690361201760934,-62.33599224410511
train_10856,-4.771740252838528,-62.153214138875455
train_10857,-2.97226535605204,-59.67765076070505
train_10858,-4.629999926363846,-63.101021126626364
train_10859,-1.2036818515886447,-66.14496995425048
train_1086,-4.639924201058222,-62.67862376562294
train_10860,-0.9195209448763131,-60.43034838124337
train_10861,-0.9326342317834881,-62.18763824371321
train_10862,-5.94337500265128,-62.12214305531195
train_10863,3.5126649210817167,-54.35275348408615
train_10864,-4.759548568463789,-65.04942641736297
train_10865,-5.488166167436993,-67.40658064150684
train_10866,-2.189327561829161,-63.412672091726435
train_10867,-2.749245173097343,-62.0644114192053
train_10868,0.8678703723853407,-61.41572146711171
train_10869,-5.0048495289428345,-59.590005164271815
train_1087,-8.708360105066888,-64.73186462146819
train_10870,-2.2589307768508453,-58.667525388807846
train_10871,-8.349046389146281,-61.14261222795928
train_10872,-5.0118087979347585,-65.19450648313331
train_10873,-7.550117705699576,-59.92086584533444
train_10874,-2.2698835510254125,-62.90570606272402
train_10875,-1.8719197565164565,-64.58864876734745
train_10876,-4.404624430229271,-62.16088512806031
train_10877,-2.40954321653867,-61.57748372478428
train_10878,-8.756268880128669,-60.966456759122536
train_10879,-2.253659774230913,-57.52915228188002
train_1088,-3.1613271623018377,-59.57699410000406
train_10880,-3.6919682967264142,-65.502327469378
train_10881,-9.075933037914886,-60.357782833352246
train_10882,-2.3193923429393264,-62.50331355288785
train_10883,-0.9349599464706224,-61.019705575675225
train_10884,-2.888839845654514,-63.40382662200522
train_10885,-4.067626263939759,-61.295025564064844
train_10886,-4.0779852951096185,-64.92299877496073
train_10887,-5.795711706883125,-59.34496116416135
train_10888,-1.419065800617298,-68.89393436826663
train_10889,-2.727775126058949,-57.48162812284996
train_1089,1.491941119034486,-62.91889139525955
train_10890,-7.516610111351859,-65.28046152635785
train_10891,-5.818130007896283,-60.38575359993193
train_10892,-4.936117841528014,-59.38094141872247
train_10893,-0.14388044788392662,-60.919375038463265
train_10894,-2.920405297911916,-63.41026013988485
train_10895,-2.3074665386850812,-64.0371106624488
train_10896,0.47693035907366754,-61.910603703673324
train_10897,-0.041923873683622936,-58.05227143941566
train_10898,-2.901610331961872,-61.11060976042884
train_10899,0.9155862528719823,-63.53491925819642
train_109,-2.7498479734041585,-58.73912081837818
train_1090,-2.262436455918007,-63.42275090372954
train_10900,-0.11550199880084788,-61.31532757859357
train_10901,-2.094681316613311,-66.5755353408916
train_10902,-3.7639073125328038,-59.05433912661734
train_10903,-2.8692708469881496,-64.96645109878439
train_10904,-0.1188152905962645,-58.303705317807115
train_10905,-5.763168352911524,-55.57879929013877
train_10906,-2.2391092757489712,-64.57915927264877
train_10907,-5.749676850325622,-56.733118934092616
train_10908,-1.2873679561458469,-67.2779581161821
train_10909,-5.378050354145499,-59.89364709456106
train_1091,-1.4801721775498171,-60.60577291532023
train_10910,-3.9820537908885814,-63.27709908614817
train_10911,-5.095048836245832,-58.74731930494226
train_10912,-5.44429489085711,-58.13770848091717
train_10913,-4.486427225533177,-67.71136636934013
train_10914,-3.3216548260475225,-63.25837999135808
train_10915,-0.15246507693638245,-58.41473214229885
train_10916,-2.741039472338327,-60.67148501204513
train_10917,-3.5053015046515177,-61.448771281850064
train_10918,-3.080226983317915,-60.43539615433974
train_10919,-4.156282299383716,-64.40023914898556
train_1092,-4.329669888413921,-61.06187301890235
train_10920,0.10164646165336322,-60.07116889776891
train_10921,-5.094920916887549,-60.807600675766444
train_10922,0.8987616318518254,-65.47023706499705
train_10923,-3.5624312235532987,-60.12986022083615
train_10924,-1.3413982763370036,-61.661009064325114
train_10925,-2.9962752475371204,-60.439105077262326
train_10926,-4.8568254703067515,-57.39187469546082
train_10927,-0.4197155318633774,-60.63813857921432
train_10928,-5.7413035468269875,-62.30740451951467
train_10929,-3.2358163914647555,-63.611735882518765
train_1093,-4.243927687871141,-60.17269686489082
train_10930,-2.0445448800362804,-64.25303247829362
train_10931,-4.091942525294818,-62.902555993436295
train_10932,-2.487632639133247,-63.931694668394144
train_10933,-5.7489515575030925,-59.324743923242124
train_10934,-5.59872297846907,-58.959153869687015
train_10935,-5.245512045303988,-67.40721375359045
train_10936,-1.5177638777887543,-64.29046806143647
train_10937,-2.2782432250462077,-59.798727637396496
train_10938,-6.971589452351128,-58.70155641939536
train_10939,-7.8017887250051965,-58.27617624581281
train_1094,-1.8284276504566799,-60.96632474544082
train_10940,-2.592748789040662,-62.15042442609054
train_10941,-4.075810368068385,-57.231390398634154
train_10942,-5.475714704978598,-59.45575310029561
train_10943,-5.620393641888693,-58.19512164319869
train_10944,-1.8836461509577516,-66.15698105981934
train_10945,0.7320312165576537,-57.35642679867927
train_10946,-1.2715960203481613,-57.34254331042065
train_10947,-5.704978260863336,-61.12347191357992
train_10948,-2.6107942065637273,-64.3191549959988
train_10949,-5.399797423981624,-61.21882377965575
train_1095,-7.401811205025196,-59.61865052725569
train_10950,-3.859280262308581,-58.820513772487864
train_10951,-2.6608687521510674,-57.732606198584094
train_10952,-5.360195840154979,-66.22059840860186
train_10953,-5.206259896033144,-59.09248065556437
train_10954,-4.2636309511517485,-68.05217300717528
train_10955,-0.9373079635901456,-60.04837534712873
train_10956,-4.31849779890192,-65.21337840010723
train_10957,0.5291723697266422,-61.659377638383155
train_10958,-1.7710214727743567,-55.079679990190044
train_10959,-3.014625473612414,-61.45894963381386
train_1096,-5.730762553248088,-62.58804978227478
train_10960,0.4556627679247862,-57.344612315151096
train_10961,-3.473315722986775,-62.50032342664668
train_10962,-2.6901819944106125,-58.89190997785458
train_10963,-3.9789474217445515,-55.76301694917725
train_10964,-5.851022349878889,-60.812429264301464
train_10965,-1.8526723926068542,-63.135937073037425
train_10966,-8.57023553601948,-64.34304199795736
train_10967,-2.0217895792723684,-62.19017885814068
train_10968,-2.5948868559977285,-57.31700715843809
train_10969,-0.05401942176177155,-64.60867976969271
train_1097,-4.485402211130811,-58.215592241751814
train_10970,-2.0381833903061595,-64.09632855362663
train_10971,-2.9017903365189452,-65.89424070769924
train_10972,-4.618630449687402,-59.49744819795291
train_10973,-8.448894502933069,-60.03404161552008
train_10974,-3.8609890973431766,-61.96244455290275
train_10975,-4.085185308671876,-62.96519759495402
train_10976,-1.2345536568724729,-62.63748285929413
train_10977,-8.501717783907052,-60.249165443550886
train_10978,-2.9334382430493533,-58.95673546799144
train_10979,-4.137750172757693,-56.11851426809373
train_1098,-3.5902906985977117,-65.65885222474917
train_10980,-1.7916033124630903,-59.74307952851452
train_10981,-0.011018018781027816,-58.32409485353581
train_10982,-3.5089622551755673,-67.62816678869143
train_10983,1.871537965818903,-58.72739769094531
train_10984,-2.376272717025949,-66.81487517877862
train_10985,0.7549756491536144,-60.938223862688595
train_10986,-4.208336688661175,-63.541336073562185
train_10987,-6.388007526482269,-63.007579799699684
train_10988,-2.3238616745232386,-66.35272858163047
train_10989,-7.7031915772089254,-63.909422609822336
train_1099,-1.2573313876480527,-63.24809282338608
train_10990,-2.5759311917067964,-59.733522387970716
train_10991,-4.938894204947431,-64.52381718231015
train_10992,-2.62263033333431,-61.03546506160285
train_10993,-4.271784621395264,-63.578413822312854
train_10994,-2.961942837040332,-58.70748853091549
train_10995,-1.6860089626794161,-59.97197779010421
train_10996,-3.9251039572371305,-60.58460196457338
train_10997,-3.9644343131662714,-59.07684059646138
train_10998,-1.3619472899982952,-60.3453755834462
train_10999,-4.0682117191404465,-65.2528814136379
train_11,-4.301218457752392,-59.77627805758651
train_110,-3.2439891931755866,-62.45006637401283
train_1100,-0.41594650542552847,-63.08581071174645
train_11000,-3.6474535407473274,-63.08479266678764
train_11001,-2.0568237227073514,-55.64412865521699
train_11002,-1.6457512880622542,-63.97749415559667
train_11003,-3.2588668189208096,-60.49990786709073
train_11004,-0.9258186517477602,-62.17666216089767
train_11005,-1.8837873366117224,-62.852931775871774
train_11006,-2.4435498850570982,-58.57351069268214
train_11007,-5.0622563764455695,-62.69415691852776
train_11008,-1.0069043075637742,-65.41024947838791
train_11009,-9.10700738746148,-61.647316382060964
train_1101,-3.609039763433382,-62.48714145937673
train_11010,-5.550380604279246,-58.33568514829153
train_11011,-3.4650794410972834,-62.95877987348973
train_11012,-0.7576081679633893,-59.3142890406248
train_11013,-7.298263572452815,-64.25090074179671
train_11014,-0.46762618705072123,-59.61929233093697
train_11015,-0.6965475474906402,-64.25271216155389
train_11016,-2.257489105215141,-60.251611355438435
train_11017,-3.72402201645312,-64.97574084813988
train_11018,-1.1350075253490197,-59.715345704192686
train_11019,2.290180725241897,-61.82925767692886
train_1102,-3.6231874969051945,-64.78397182529957
train_11020,-4.985520682167194,-58.429460348028535
train_11021,-0.8960042448802823,-64.01331825402318
train_11022,-1.8056729219674548,-57.54994193974245
train_11023,-2.1421165496579997,-62.79020454059525
train_11024,-1.771807051210165,-64.62202095410969
train_11025,-1.0080418856066347,-59.62781953264737
train_11026,-3.680314932671502,-57.856451925671664
train_11027,-3.168121489922189,-63.41444831344704
train_11028,2.462029666667007,-58.777633878496914
train_11029,-1.770456683007941,-62.4784820364473
train_1103,-3.8014962558555494,-59.46458375494924
train_11030,-4.78444235072552,-66.58453212167578
train_11031,-1.3728963525894868,-56.970522180559044
train_11032,-1.9613986400066683,-53.43226885125948
train_11033,1.706196045861403,-62.468844621841846
train_11034,-2.895373097792545,-58.57635897477358
train_11035,-3.9560881620927524,-58.01881743804648
train_11036,-3.6847255775303296,-61.928045564545684
train_11037,2.414236294360043,-63.82348498446521
train_11038,-6.055345436025418,-62.55067634161558
train_11039,-6.050128220214246,-68.18481778683204
train_1104,-2.281929236431782,-59.828524283763876
train_11040,-2.292046719533992,-63.30561260909631
train_11041,0.23197966357028355,-57.73718485464165
train_11042,-1.6354748317274352,-62.48254192627357
train_11043,-1.1447264283051721,-65.60506883558836
train_11044,-4.001622648422613,-65.74608098145696
train_11045,-2.603353837389773,-61.00604294574949
train_11046,-2.26289449308673,-69.6687529075011
train_11047,-3.9544039415622576,-66.20036485844587
train_11048,-2.817003607650957,-60.88320680374584
train_11049,-2.3255009406485234,-61.78278911477679
train_1105,-5.109505789277636,-64.28033306190987
train_11050,-1.8328215685086673,-62.02537571233512
train_11051,-2.179615004875861,-65.73602672689837
train_11052,0.35573670431965,-59.281658730955
train_11053,-3.2131055980778354,-59.70097626433186
train_11054,-3.032220301168026,-63.834249824867854
train_11055,-3.586422635073544,-60.789978798611926
train_11056,-2.3674845886675904,-62.74468061188823
train_11057,-6.763900361637427,-66.5618855696244
train_11058,-2.1985177482252336,-55.15012024824259
train_11059,-4.115484007061648,-63.027620664097604
train_1106,-2.042526122600977,-65.21602441979547
train_11060,-0.5492312309305589,-61.522810225742106
train_11061,1.6608528823227138,-61.56873655352427
train_11062,-3.582119011184652,-61.28877519700187
train_11063,-0.8850025388649083,-56.72074141167427
train_11064,-2.386461547040927,-64.33420848459528
train_11065,-5.410409915160118,-63.06516586059834
train_11066,-5.27069994118221,-64.14181875870804
train_11067,-5.155089691252309,-60.7775498982453
train_11068,1.0007338864671738,-63.88008948910407
train_11069,-1.8351534252203043,-61.060010706180535
train_1107,-1.797411823625394,-62.24335801305593
train_11070,-5.038466297194784,-63.34724588109133
train_11071,-2.917342939078642,-61.261305820484885
train_11072,-2.7665723889901694,-61.917480349351095
train_11073,-3.839746843517178,-60.700275406035104
train_11074,-3.7626765436275806,-60.01492103531725
train_11075,-5.803453793032254,-65.47195325089456
train_11076,0.1877883901672206,-61.712758332450505
train_11077,-7.881212776917396,-58.77697034074956
train_11078,-1.5684279856985446,-62.94014732171905
train_11079,-3.500643237759472,-65.4394773968739
train_1108,-1.3683397549466618,-62.892763021455316
train_11080,-5.480231863888754,-64.58032404990207
train_11081,-3.8234697084483495,-65.6158180693281
train_11082,-8.469675676500628,-64.64776079907855
train_11083,-3.680753291551921,-62.26924253227204
train_11084,-6.572443131229494,-62.071013808779256
train_11085,-3.3161121288737054,-65.7862294790223
train_11086,-2.7809090564094707,-66.53984395736097
train_11087,-4.6982215737065385,-67.50599405746004
train_11088,-3.9161197731512525,-70.4085646560068
train_11089,-2.5199651753752024,-59.723852262238964
train_1109,-4.717480281180342,-59.22490647314041
train_11090,-4.227287481813514,-57.33625690291297
train_11091,-1.9289503746417413,-63.299038183054286
train_11092,-0.576073375073844,-64.13102344035246
train_11093,-4.710027692607642,-63.46082219765529
train_11094,-3.88737875416882,-62.96065676805214
train_11095,-2.0665049342258115,-62.34124203085313
train_11096,-0.4477835552302829,-65.07636798315447
train_11097,-6.116714931667731,-60.667172163784635
train_11098,-1.418555557570477,-57.65301456507472
train_11099,-5.301434409596139,-59.26092169812124
train_111,-6.459440479470273,-61.583852978695184
train_1110,-2.358978161863302,-65.43620020991807
train_11100,-3.9181252312418904,-62.82003666106305
train_11101,-1.0689989971486165,-62.06170322671289
train_11102,-0.4104378004234799,-66.50073959457067
train_11103,0.5380081174849156,-61.13779059512908
train_11104,-4.087299888360315,-62.07637722605718
train_11105,-2.5721587240800057,-62.27613812368474
train_11106,-4.251086828500184,-58.16279710906283
train_11107,-3.846754649477421,-60.2685407218366
train_11108,-5.082593922625421,-58.74315137149811
train_11109,-5.292010094627464,-63.81623021062085
train_1111,-4.097310765432472,-58.977654189293006
train_11110,-4.372987747844038,-59.28590984651519
train_11111,-5.680661136448909,-60.988230341039106
train_11112,-5.895921718363615,-65.85116737242596
train_11113,-5.563475978885172,-59.954521126129045
train_11114,-4.273501255421989,-63.15739822549487
train_11115,-4.174343599274559,-60.240949721084355
train_11116,-3.4376000418384947,-62.7614882649856
train_11117,-3.880210232258799,-68.2756635350446
train_11118,0.3605862962097035,-64.63742184813191
train_11119,-4.326653084519645,-57.1937282343857
train_1112,-1.8982843271221703,-58.42424732200209
train_11120,-6.184110989979056,-60.937166648733516
train_11121,-1.9158501475783218,-65.38293005257523
train_11122,-1.0014261226198429,-57.81650194637162
train_11123,-3.7413145669090286,-65.37993700685125
train_11124,-1.7343620333937104,-56.87114769453821
train_11125,-3.4538214560247065,-61.634525235043576
train_11126,-5.423014311207579,-57.35074771718836
train_11127,-2.967752452019706,-68.98130446131586
train_11128,-1.9125347765887213,-63.927459582306774
train_11129,-5.27417723009256,-60.63980947352618
train_1113,-4.468195677436935,-64.87347077451717
train_11130,0.8842868200071985,-59.052664101870725
train_11131,-4.766724983480498,-56.33360439000959
train_11132,-3.762316783832991,-55.59254019037844
train_11133,-2.109434926110123,-58.00864742852916
train_11134,-0.8741441847173159,-64.28988255997508
train_11135,-1.6107173879652568,-59.25717939117702
train_11136,-6.491788615312874,-62.14184680968287
train_11137,-2.7339132535222093,-65.42866814740297
train_11138,-0.4101014673033636,-62.97071904378527
train_11139,-2.800466261450024,-59.95841879908572
train_1114,-3.2571162308007486,-65.54367869865312
train_11140,-5.765572150558435,-64.34364242673647
train_11141,-5.280226322822383,-60.00659365504722
train_11142,-2.8413085001429534,-64.70875210742504
train_11143,-0.0005206319005512938,-67.96128082622646
train_11144,1.424782522678984,-61.37425235447702
train_11145,1.1496049518131741,-61.11977186623923
train_11146,-7.407767911850186,-63.75199254113717
train_11147,-0.3838285203932008,-62.7373763679875
train_11148,-3.0506083500730803,-64.02110929608237
train_11149,-2.446127481422304,-62.43940854444644
train_1115,-4.003811128808849,-63.59205048221154
train_11150,-4.082734171126916,-58.894928583953885
train_11151,-1.9960638724893895,-64.39907727408875
train_11152,-1.6081700173640792,-65.66410551102221
train_11153,1.5217342451997098,-59.72824441159471
train_11154,1.3170044690297393,-61.103729504629854
train_11155,-0.9741213085435367,-63.090431004918734
train_11156,-2.7721049122988313,-64.99296979461045
train_11157,-3.623871097076981,-62.79230657089298
train_11158,-4.336871538540484,-59.91311407405912
train_11159,-5.048183685993197,-62.91548910055707
train_1116,-0.6630267522206656,-61.39875580146994
train_11160,0.615847651073981,-65.16861477489054
train_11161,-2.4818215633268412,-65.1124967913555
train_11162,-2.0355475077462373,-62.83522806345407
train_11163,-2.7286680660367955,-60.45327924262094
train_11164,-1.5229071044175946,-63.00116809521405
train_11165,1.1254511264301206,-57.403233303238416
train_11166,-6.28144270211669,-61.65455511880834
train_11167,-2.022407578284116,-66.31648469006248
train_11168,0.5524970075597153,-59.15255294580027
train_11169,-2.3752205034538583,-59.895215828917166
train_1117,-4.856355575232454,-58.27365223878028
train_11170,-8.68596560899751,-61.74286827851121
train_11171,-5.2205343258527455,-59.268652717516375
train_11172,-6.295611128333993,-63.213641997231505
train_11173,-6.3738413051733875,-59.81317603909232
train_11174,-7.813111216549246,-64.72893956286251
train_11175,-3.786129892974184,-58.30371867303701
train_11176,-3.160179740346326,-61.008275252027794
train_11177,-3.50267929049714,-65.3561302752662
train_11178,-0.4644674806845446,-59.81555334958314
train_11179,-0.777825381616549,-61.19601596215559
train_1118,-2.1692372802943165,-60.63418429230942
train_11180,-3.720027230586062,-64.09100816285168
train_11181,-5.180639011156752,-69.54162112679923
train_11182,-4.782737472711551,-62.159019771171344
train_11183,1.81306615388623,-60.15848922319694
train_11184,-3.0431270325261135,-62.4236346493848
train_11185,-4.482313104903947,-62.65367595456909
train_11186,-3.8393819399134967,-59.82508880028665
train_11187,-2.4336109156130687,-62.47391046796204
train_11188,-1.4874670674092783,-64.70260669210298
train_11189,-7.944464156233343,-62.720464192716996
train_1119,-3.735298314544165,-59.49675602063421
train_11190,-6.079338557004059,-63.96596332490498
train_11191,-2.2766663690221773,-61.8881561218297
train_11192,0.6242018660958992,-61.56510727284328
train_11193,-1.0011030761094293,-58.699563000134184
train_11194,-2.1577900697622874,-60.36278406350038
train_11195,-4.602613300996845,-58.14468599357054
train_11196,-1.9433396772058062,-58.894968769785564
train_11197,-2.6020131535079973,-58.69332433204263
train_11198,-1.351872440540534,-61.90713721615467
train_11199,-3.9730522667598316,-61.625092316073356
train_112,-3.052974699063887,-62.40039051978334
train_1120,-0.9140304573945266,-61.929719938261584
train_11200,-6.384765645862432,-62.18299609126957
train_11201,-2.9660914355007018,-57.92272998960134
train_11202,-1.4391812173657663,-63.47650864637969
train_11203,-3.4892074662393338,-62.66496375115487
train_11204,-4.354782472545997,-65.07681267175087
train_11205,-2.3874372287620247,-62.43328119753647
train_11206,-3.6170453815478742,-58.51093463425145
train_11207,-7.652149649774085,-59.12927253966748
train_11208,-4.271170376206986,-56.220627886407584
train_11209,-2.63510070406242,-56.16028124847229
train_1121,-4.111593107676125,-60.49628422965618
train_11210,-4.711872801898837,-63.836737808762564
train_11211,-6.708123741190837,-60.10722373020164
train_11212,-6.523640067270591,-61.71942684615191
train_11213,0.9230736290443518,-58.25821866075747
train_11214,-1.4992615472204356,-60.515670728002306
train_11215,-2.1614894115406837,-65.37671885102874
train_11216,-9.12861930001047,-63.44255475219863
train_11217,-3.0848504981382745,-60.39555530063396
train_11218,-6.53705725059293,-63.209018242229405
train_11219,-4.693930426247116,-68.21596839100643
train_1122,-6.199136283167087,-64.92364527983655
train_11220,-7.573739238107278,-58.45451933661458
train_11221,-2.3919702504527676,-56.005548159022545
train_11222,-2.2523953642984793,-62.692769694113785
train_11223,-4.6135186696252894,-67.28310724446168
train_11224,-0.8293865570278771,-68.66516124992005
train_11225,-0.3073384444457328,-59.1188982261875
train_11226,-3.0714990987914246,-63.15810303939055
train_11227,-5.19264968732808,-57.64531509375277
train_11228,-3.004895306301339,-69.52854054720342
train_11229,-5.802605792771473,-59.91645119035474
train_1123,-1.0106518389394927,-65.43065462824343
train_11230,-2.2248646763828104,-63.28077560476769
train_11231,-5.650619752347494,-60.980639085729386
train_11232,-2.8379188586912196,-65.00478245313957
train_11233,-2.428897775846651,-61.50529931484597
train_11234,-0.6520613249472302,-67.055807039348
train_11235,-11.575966833249264,-57.53210217790475
train_11236,-0.6065464746429816,-62.22433216516212
train_11237,0.7595784210434253,-65.63308290975488
train_11238,0.21984631655051734,-62.75709550686982
train_11239,-0.9069967271595201,-63.03024503014976
train_1124,-4.583379213106875,-59.76675913831797
train_11240,0.2594056850798334,-62.66171790419822
train_11241,-2.1852470360899496,-57.34726337815356
train_11242,-5.052289528684179,-57.988568502017166
train_11243,-2.3574349451135514,-62.36590092669847
train_11244,-4.4149264653291365,-61.52132398235633
train_11245,-3.7628261817406266,-59.515734220145404
train_11246,-4.029414483849694,-57.992586715861385
train_11247,-2.5706609284002564,-62.46075719638762
train_11248,1.6601053863429973,-64.79327498669356
train_11249,-2.381604568299382,-62.732645317465604
train_1125,1.5695322477022158,-67.23706321846328
train_11250,-3.463710770321209,-63.989527826525894
train_11251,-5.391799961863921,-61.22092067394319
train_11252,-3.160412147564761,-65.30555676872477
train_11253,-1.5872155553887604,-65.58354386265276
train_11254,-5.380068796799302,-60.81486842915976
train_11255,-4.309007382413761,-63.93775155738067
train_11256,1.5334009750766686,-59.13010761820499
train_11257,-4.495598325638466,-60.94564357429171
train_11258,-4.107512111159928,-62.29890412995007
train_11259,-3.814662746733011,-60.33837994458548
train_1126,-3.555192805126432,-57.41345280687896
train_11260,-2.8915560211246216,-58.596455991035526
train_11261,-2.294022262423466,-56.48002933517525
train_11262,-0.20229843679444182,-63.37299970892287
train_11263,-5.169230669939976,-63.87779820370211
train_11264,-4.663635108076997,-63.29082536895687
train_11265,-3.587346131728854,-63.19099525941447
train_11266,-4.6460409257482755,-65.18455449468948
train_11267,-1.0445998047636116,-60.14587841740512
train_11268,-0.3166211448130771,-61.17316112162134
train_11269,-4.679699087289968,-56.92327014227101
train_1127,-5.309137866791142,-63.01086403816059
train_11270,-5.72146660973595,-65.62863599277955
train_11271,-3.538081229443272,-62.14074732888589
train_11272,-1.1937564163471759,-56.88369071198276
train_11273,-2.2047513446078515,-61.675418303653146
train_11274,-6.484264346498199,-60.18558777613202
train_11275,-5.37711207327127,-69.20277933624999
train_11276,-1.777550551889268,-59.38631017068548
train_11277,-2.712087758434031,-65.91334306914474
train_11278,-2.479354198184435,-61.98633477489159
train_11279,-3.2204236885602255,-63.97932014122515
train_1128,-2.5541077198488136,-57.76993700501158
train_11280,-2.489188248317775,-61.33193677412861
train_11281,-4.506025470113053,-64.286555881178
train_11282,-3.3581963672449198,-63.29612162159845
train_11283,-5.178484352851305,-64.45126985991493
train_11284,-3.55310100176622,-63.24703441504411
train_11285,-1.8709196014910836,-62.615784351266676
train_11286,-4.498446197026967,-61.38985477972634
train_11287,-4.6291926684688,-59.983577961355266
train_11288,-2.5976756807173658,-58.18239813647981
train_11289,-1.7079516425713215,-62.53597882599803
train_1129,-4.975689833671154,-61.50165895593353
train_11290,-4.329389063642227,-66.99823931986356
train_11291,-1.4481106705815945,-64.43232206089701
train_11292,-7.8726475104940565,-68.01001272037408
train_11293,-1.009180328176955,-59.43329597063264
train_11294,-1.528968183614829,-58.41856907528921
train_11295,-7.935523999889317,-63.372392502428795
train_11296,-8.029916775934765,-65.47041899305708
train_11297,-7.863865686049065,-62.94089704709445
train_11298,-2.521801293542176,-62.311177524285206
train_11299,-1.0607898323105247,-67.24046884867982
train_113,-1.7227935915660793,-63.75733588959846
train_1130,-2.659148348236544,-59.68622600260936
train_11300,2.3781119365213383,-63.23173304643285
train_11301,-4.289632274378905,-65.20178733047351
train_11302,-7.571499161121579,-67.03135205985734
train_11303,0.00235537444357492,-60.42493786699417
train_11304,-3.9770785868372784,-61.253773010672234
train_11305,0.4675337730312634,-60.12657291855679
train_11306,-3.3630411084016223,-59.74411168848268
train_11307,-2.2755760172186204,-64.39159452046133
train_11308,-7.503898031795541,-64.23247799595298
train_11309,-2.510683090664728,-64.89212775296629
train_1131,-4.689071119955019,-56.86820350724771
train_11310,-5.417858302511242,-60.68124382554162
train_11311,-1.077920854433381,-65.40568988220437
train_11312,-0.6829068818463075,-64.24088588335589
train_11313,-1.8876630842988105,-64.91180080450107
train_11314,-2.9144296071013898,-66.64385903410255
train_11315,-3.3606721367231054,-62.17927017061301
train_11316,-0.3652680043434442,-65.84109188589608
train_11317,-5.009982961711075,-65.67963882627953
train_11318,-1.682630506240437,-61.068282287599025
train_11319,-2.9305607504754887,-59.70907669743783
train_1132,-6.861326267856217,-66.2264749995609
train_11320,-2.193044374632395,-62.74513901213153
train_11321,-1.9814936554672926,-62.540410536059944
train_11322,-7.414332837489791,-67.85957630473473
train_11323,-2.1692649049681716,-62.63632765197199
train_11324,-3.6975510371451343,-58.08440195999549
train_11325,-0.6184319957202193,-63.4677420241474
train_11326,-2.800950809001358,-64.50169923180714
train_11327,-3.4826849890980816,-56.92730388613677
train_11328,-0.6661713494211723,-62.53850121235701
train_11329,-6.077153930862286,-63.46009808980555
train_1133,-2.196831345761538,-63.01718339821343
train_11330,-3.067127976776764,-67.43670150854679
train_11331,-2.158935451413775,-64.33083028259455
train_11332,-5.37559415734361,-62.44680758193305
train_11333,-5.135459596972261,-64.59614298827033
train_11334,-2.977149702497113,-63.73286746385389
train_11335,-2.200530665158457,-60.149271962957975
train_11336,-0.9077815671225022,-63.344681727031386
train_11337,-0.1470467450159889,-62.18209496308572
train_11338,-3.2154443801861916,-63.75517719983559
train_11339,-0.7717810463287029,-60.95376177532862
train_1134,-2.1699306633552826,-61.89933441256849
train_11340,-1.4977934542511924,-59.50852324915843
train_11341,-0.3328774139532187,-62.14175616945763
train_11342,-0.7580236221377801,-65.81603764492154
train_11343,-5.0497247018943945,-64.24598258067562
train_11344,-1.2222496359108772,-63.48728091242582
train_11345,-6.765176720052356,-60.3414703155212
train_11346,-4.302896546439014,-62.97231014806857
train_11347,-2.398802806546252,-59.77294315402653
train_11348,-1.72272037553126,-60.463216138239076
train_11349,-5.932153703411348,-64.41114829609388
train_1135,-2.3829158333068743,-62.8692429124034
train_11350,-4.68306149296325,-60.70881559448986
